date,nifty50_close,sp500_close,gold_close,brent_close,usd_inr_close,nifty50_monthly_return,sp500_monthly_return,gold_monthly_return,brent_monthly_return,usd_inr_monthly_change,us_cpi_index,us_unemployment_rate,us_fed_funds_rate,us_10y_yield
2010-01-01,4882.0498046875,1073.8699951171875,1083.0,71.45999908447266,46.09799957275391,,,,,,217.488,9.8,0.11,3.63
2010-02-01,4922.2998046875,1104.489990234375,1118.300048828125,77.58999633789062,45.900001525878906,0.0082444877889926,0.028513689046546,0.0325946895919897,0.0857822184712278,-0.0042951548594317,217.281,9.8,0.13,3.61
2010-03-01,5249.10009765625,1169.4300537109375,1113.300048828125,82.69999694824219,44.79999923706055,0.0663917895975247,0.0587964255454973,-0.004471071967885,0.0658590134235659,-0.0239651906808361,217.353,9.9,0.16,3.84
2010-04-01,5278.0,1186.68994140625,1180.0999755859375,87.44000244140625,44.25,0.0055056870332219,0.0147592304820129,0.0600017280409959,0.0573156670867907,-0.0122767688934593,217.403,9.9,0.2,3.69
2010-05-01,5086.2998046875,1089.4100341796875,1212.199951171875,74.0199966430664,46.358001708984375,-0.0363206129807692,-0.0819758420731905,0.0272010645284517,-0.1534767317433759,0.0476384567002119,217.29,9.6,0.2,3.31
2010-06-01,5312.5,1030.7099609375,1245.5,75.01000213623047,46.400001525878906,0.0444724463752677,-0.0538824422398385,0.0274707557906868,0.0133748383958727,0.000905988509992,217.199,9.4,0.18,2.97
2010-07-01,5367.60009765625,1101.5999755859375,1181.699951171875,78.18000030517578,46.36000061035156,0.0103717830882352,0.0687778495746351,-0.051224447071959,0.0422610062480477,-0.0008620886683599,217.605,9.4,0.18,2.94
2010-08-01,5402.39990234375,1049.3299560546875,1248.300048828125,74.63999938964844,46.87300109863281,0.0064833080062531,-0.0474491836326047,0.0563595670713226,-0.045280134327308,0.0110655841571905,217.923,9.5,0.19,2.47
2010-09-01,6029.9501953125,1141.199951171875,1307.800048828125,82.30999755859375,44.68999862670898,0.1161613920318074,0.0875511030511355,0.047664822296416,0.1027598905635713,-0.0465727054115914,218.275,9.5,0.19,2.53
2010-10-01,6017.7001953125,1183.260009765625,1357.0999755859375,83.1500015258789,44.41999816894531,-0.0020315259004166,0.0368559940355406,0.0376968381382065,0.0102053698481425,-0.0060416304779724,219.035,9.4,0.19,2.63
2010-11-01,5862.7001953125,1180.550048828125,1385.0,85.91999816894531,45.79999923706055,-0.0257573483173417,-0.0022902497465766,0.0205585623137429,0.0333132482529696,0.0310671122242416,219.59,9.8,0.19,2.81
2010-12-01,6134.5,1257.6400146484375,1421.0999755859375,94.75,44.810001373291016,0.046360856880387,0.065300040347155,0.0260649643219765,0.1027700421232804,-0.0216156742415061,220.472,9.3,0.18,3.3
2011-01-01,5505.89990234375,1286.1199951171875,1333.800048828125,101.01000213623048,45.8380012512207,-0.1024696548465645,0.0226455743591391,-0.0614312351401017,0.0660686241290815,0.0229413043165498,221.187,9.1,0.17,3.42
2011-02-01,5333.25,1327.219970703125,1409.300048828125,111.8000030517578,45.25,-0.0313572541103147,0.0319565637280934,0.056605186111917,0.1068211136257086,-0.0128278117537912,221.898,9.0,0.16,3.42
2011-03-01,5833.75,1325.8299560546875,1438.9000244140625,117.36000061035156,44.61000061035156,0.0938452163315051,-0.0010473129391664,0.0210033169377599,0.0497316404903831,-0.0141436329204074,223.046,9.0,0.14,3.47
2011-04-01,5749.5,1363.6099853515625,1556.0,125.88999938964844,44.29999923706055,-0.0144418255838868,0.028495380666536,0.0813815926048246,0.0726823341422553,-0.0069491452376058,224.093,9.1,0.1,3.32
2011-05-01,5473.10009765625,1345.199951171875,1535.9000244140625,116.7300033569336,45.08300018310547,-0.048073728557918,-0.0135009528952232,-0.0129177220989316,-0.0727619038615076,0.0176749652264074,224.806,9.0,0.09,3.05
2011-06-01,5647.39990234375,1320.6400146484375,1502.300048828125,112.4800033569336,44.7599983215332,0.0318466319960311,-0.0182574616524793,-0.0218764080030245,-0.0364088056007715,-0.0071646044021114,224.806,9.1,0.09,3.18
2011-07-01,5482.0,1292.280029296875,1628.300048828125,116.73999786376952,44.0099983215332,-0.0292877970754482,-0.0214744253066662,0.0838713944649651,0.0378733497483785,-0.0167560327999205,225.395,9.0,0.07,2.82
2011-08-01,5001.0,1218.8900146484375,1828.5,114.8499984741211,45.93999862670898,-0.0877417001094491,-0.0567911079523288,0.1229502826066715,-0.0161898186074491,0.0438536782272829,226.106,9.0,0.1,2.23
2011-09-01,4943.25,1131.4200439453125,1620.4000244140625,102.76000213623048,48.86000061035156,-0.0115476904619076,-0.0717619880808965,-0.1138091198173024,-0.1052677100436778,0.0635612118182546,226.597,9.0,0.08,1.92
2011-10-01,5326.60009765625,1253.300048828125,1724.199951171875,109.55999755859376,48.62799835205078,0.0775502144654327,0.1077230384374414,0.0640582110552279,0.0661735624854156,-0.0047483064961654,226.75,8.8,0.07,2.17
2011-11-01,4832.0498046875,1246.9599609375,1745.5,110.81999969482422,51.90299987792969,-0.0928453955434642,-0.0050587151070113,0.0123535839411479,0.0115005673996717,0.067348063602556,227.169,8.6,0.08,2.08
2011-12-01,4624.2998046875,1257.5999755859375,1565.800048828125,107.37999725341795,53.0,-0.042994176053083,0.0085327636666361,-0.1029504160251361,-0.0310413503959512,0.0211355822332108,227.223,8.5,0.07,1.89
2012-01-01,5199.25,1312.4100341796875,1737.800048828125,110.9800033569336,52.49300003051758,0.1243323788673242,0.0435830627049853,0.1098479975963266,0.0335258539355292,-0.0095660371600456,227.842,8.3,0.08,1.83
2012-02-01,5385.2001953125,1365.6800537109375,1709.9000244140625,122.66000366210938,49.06800079345703,0.0357648113309612,0.0405894637681172,-0.0160547955058907,0.1052441877083982,-0.0652467802386865,228.329,8.3,0.1,1.98
2012-03-01,5295.5498046875,1408.469970703125,1669.300048828125,122.87999725341795,51.3380012512207,-0.0166475502067751,0.0313323145314419,-0.0237440639840039,0.0017935234366583,0.046262338409075,228.807,8.2,0.13,2.23
2012-04-01,5248.14990234375,1397.9100341796875,1663.4000244140625,119.47000122070312,52.53799819946289,-0.0089508935034078,-0.0074974523724959,-0.0035344301452602,-0.0277506193760921,0.0233744384081111,229.187,8.2,0.14,1.95
2012-05-01,4924.25,1310.3299560546875,1562.5999755859375,101.87000274658205,56.22800064086914,-0.061716968526204,-0.0626507257145436,-0.0605988020612372,-0.1473173038778806,0.0702349264887669,228.713,8.2,0.16,1.59
2012-06-01,5278.89990234375,1362.1600341796875,1603.5,97.8000030517578,56.79800033569336,0.0720211001358075,0.0395549822283363,0.0261743408761581,-0.0399528770500673,0.010137292600262,228.524,8.2,0.16,1.67
2012-07-01,5229.0,1379.3199462890625,1610.5,104.91999816894533,55.42300033569336,-0.0094527085693735,0.0125975742047879,0.0043654505768631,0.0728015837936062,-0.0242085987512471,228.59,8.2,0.16,1.51
2012-08-01,5258.5,1406.5799560546875,1684.5999755859375,114.56999969482422,55.62799835205078,0.005641614075349,0.0197633695060857,0.0460105405687285,0.0919748541201856,0.0036987895840312,229.918,8.1,0.13,1.57
2012-09-01,5703.2998046875,1440.6700439453125,1771.0999755859375,112.38999938964844,53.007999420166016,0.084586822228297,0.0242361536177753,0.0513475016345725,-0.0190276713885184,-0.0470985656414181,231.015,7.8,0.14,1.65
2012-10-01,5619.7001953125,1412.1600341796875,1717.5,108.6999969482422,53.95800018310547,-0.0146581123626519,-0.0197894097162939,-0.0302636645727494,-0.0328321244011512,0.0179218377099898,231.638,7.8,0.16,1.72
2012-11-01,5879.85009765625,1416.1800537109375,1710.9000244140625,111.2300033569336,54.8380012512207,0.0462924877310619,0.0028467166850427,-0.0038427805449418,0.023275128608293,0.0163090007993063,231.249,7.7,0.16,1.62
2012-12-01,5905.10009765625,1426.18994140625,1674.800048828125,111.11000061035156,54.75299835205078,0.004294327164916,0.0070682309562846,-0.0210999912740668,-0.0010788702954268,-0.001550072891616,231.221,7.9,0.16,1.78
2013-01-01,6034.75,1498.1099853515625,1660.5999755859375,115.5500030517578,53.303001403808594,0.0219555808029754,0.0504280964668688,-0.0084786677980595,0.0399604213573607,-0.0264825122255223,231.679,8.0,0.14,2.02
2013-02-01,5693.0498046875,1514.6800537109375,1577.699951171875,111.37999725341795,53.858001708984375,-0.0566220962446663,0.0110606487650415,-0.0499217304786551,-0.0360883227019214,0.0104121773738641,232.937,7.7,0.15,1.89
2013-03-01,5682.5498046875,1569.18994140625,1594.800048828125,110.0199966430664,54.38800048828125,-0.0018443541441275,0.0359877239828729,0.0108386246976484,-0.0122104564902907,0.0098406692131034,232.282,7.5,0.14,1.87
2013-04-01,5930.2001953125,1597.5699462890625,1472.199951171875,102.37000274658205,54.22800064086914,0.0435808570337059,0.01808576777989,-0.0768749021210136,-0.0695327588611273,-0.002941822570708,231.797,7.6,0.15,1.7
2013-05-01,5985.9501953125,1630.739990234375,1392.5999755859375,100.38999938964844,56.37799835205078,0.0094010316960406,0.0207628116830578,-0.0540687258701344,-0.0193416362587691,0.0396473719438825,231.893,7.5,0.11,2.16
2013-06-01,5842.2001953125,1606.280029296875,1223.800048828125,102.16000366210938,60.1879997253418,-0.0240145666618757,-0.0149993015955808,-0.1212120707432798,0.017631280836958,0.0675795786416462,232.445,7.5,0.09,2.52
2013-07-01,5742.0,1685.72998046875,1312.4000244140625,107.6999969482422,60.80799865722656,-0.0171511060837825,0.0494620799130853,0.0723974277258594,0.0542285932609805,0.0103010389897326,232.9,7.3,0.09,2.6
2013-08-01,5471.7998046875,1632.969970703125,1396.0999755859375,114.01000213623048,67.38999938964844,-0.0470568086576976,-0.0312980194793439,0.0637762493255391,0.0585887220685874,0.1082423509697214,233.456,7.2,0.08,2.78
2013-09-01,5735.2998046875,1681.550048828125,1326.5,108.37000274658205,62.90999984741211,0.0481560015726942,0.0297495232591953,-0.0498531457653859,-0.0494693385139068,-0.0664786998488159,233.544,7.2,0.08,2.64
2013-10-01,6299.14990234375,1756.5400390625,1323.5999755859375,108.83999633789062,61.31999969482422,0.09831222723447,0.0445957527619447,-0.002186222701894,0.004336934385871,-0.0252742037266638,233.669,7.2,0.09,2.57
2013-11-01,6176.10009765625,1805.81005859375,1250.5999755859375,109.69000244140624,62.41299819946289,-0.0195343509195925,0.0280494713673287,-0.0551526151001052,0.0078096851535791,0.0178245027736183,234.1,6.9,0.08,2.75
2013-12-01,6304.0,1848.3599853515625,1201.9000244140625,110.8000030517578,61.77999877929688,0.0207088454399058,0.0235627919754459,-0.0389412698885252,0.0101194328165368,-0.0101421088303279,234.719,6.7,0.09,3.04
2014-01-01,6089.5,1782.5899658203125,1240.0999755859375,106.4000015258789,62.310001373291016,-0.0340260152284264,-0.0355829059558115,0.0317829689624125,-0.0397112040134469,0.0085788702568208,235.288,6.6,0.07,2.67
2014-02-01,6276.9501953125,1859.449951171875,1321.4000244140625,109.06999969482422,62.02000045776367,0.0307825265313244,0.0431170301781616,0.0655592697594493,0.0250939673933736,-0.0046541632023081,235.547,6.7,0.07,2.66
2014-03-01,6704.2001953125,1872.3399658203125,1283.4000244140625,107.76000213623048,59.84000015258789,0.0680664951458531,0.006932165418227,-0.0287573780065957,-0.0120106130215374,-0.0351499562896712,236.028,6.7,0.08,2.73
2014-04-01,6696.39990234375,1883.949951171875,1295.5999755859375,108.06999969482422,60.417999267578125,-0.0011634934431409,0.0062007891534141,0.0095059614615831,0.0028767404644429,0.0096590760948591,236.468,6.2,0.09,2.67
2014-05-01,7229.9501953125,1923.5699462890625,1245.5999755859375,109.41000366210938,58.900001525878906,0.0796771848679476,0.0210302800732804,-0.0385921588007034,0.0123994075235416,-0.0251249256860747,236.918,6.3,0.09,2.48
2014-06-01,7611.35009765625,1960.22998046875,1321.800048828125,112.36000061035156,60.03799819946289,0.052752770356707,0.0190583317494701,0.061175397186679,0.0269627716799338,0.0193208258761077,237.231,6.1,0.1,2.53
2014-07-01,7721.2998046875,1930.6700439453125,1281.300048828125,106.0199966430664,60.25,0.0144454933251731,-0.0150798308453423,-0.0306400351822548,-0.0564258092990884,0.0035311270677742,237.498,6.2,0.09,2.58
2014-08-01,7954.35009765625,2003.3699951171875,1285.800048828125,103.19000244140624,60.61000061035156,0.0301827799546481,0.0376552955798252,0.0035120579321883,-0.026693022932153,0.0059751138647561,237.46,6.1,0.09,2.35
2014-09-01,7964.7998046875,1972.2900390625,1210.5,94.66999816894533,61.553001403808594,0.0013137097189535,-0.0155138372494539,-0.0585627982334837,-0.0825661795802243,0.0155585016327484,237.477,5.9,0.09,2.52
2014-10-01,8322.2001953125,2018.050048828125,1171.0999755859375,85.86000061035156,61.43299865722656,0.0448724888746934,0.023201460667203,-0.0325485538323523,-0.0930600795288036,-0.0019495839982647,237.43,5.7,0.09,2.35
2014-11-01,8588.25,2067.56005859375,1175.199951171875,70.1500015258789,61.85300064086914,0.0319686859777001,0.0245335886463149,0.003500961208616,-0.1829722684928401,0.006836748861732,236.983,5.8,0.09,2.18
2014-12-01,8282.7001953125,2058.89990234375,1183.9000244140625,57.33000183105469,63.37799835205078,-0.035577656063517,-0.004188587515997,0.0074030578656101,-0.1827512390016815,0.0246551936911854,236.252,5.6,0.12,2.17
2015-01-01,8808.900390625,1994.989990234375,1278.5,52.9900016784668,61.79600143432617,0.0635300304133061,-0.0310408058384106,0.0799053751458085,-0.0757020759458093,-0.0249612950686287,234.747,5.7,0.11,1.68
2015-02-01,8844.599609375,2104.5,1212.5999755859375,62.58000183105469,61.75400161743164,0.0040526305403558,0.0548925108906233,-0.0515447981337994,0.1809775400796962,-0.0006796526623031,235.342,5.5,0.11,2.0
2015-03-01,8491.0,2067.889892578125,1183.0999755859375,55.11000061035156,62.50899887084961,-0.0399791539461205,-0.0173961071142195,-0.0243278909730683,-0.1193672259849026,0.0122258838883868,235.976,5.4,0.11,1.94
2015-04-01,8181.5,2085.510009765625,1182.4000244140625,66.77999877929688,63.44200134277344,-0.0364503592038628,0.0085208198225352,-0.0005916247031687,0.2117582660079535,0.0149258904922076,236.222,5.4,0.12,2.05
2015-05-01,8433.650390625,2107.389892578125,1189.4000244140625,65.55999755859375,63.82500076293945,0.0308195796155961,0.0104913823045897,0.0059201622593578,-0.0182689614106634,0.0060370009151617,237.001,5.6,0.12,2.12
2015-06-01,8368.5,2063.110107421875,1171.5,63.59000015258789,63.7239990234375,-0.0077250523329046,-0.0210116719797299,-0.0150496250602321,-0.030048771802427,-0.0015824792525596,237.657,5.3,0.13,2.35
2015-07-01,8532.849609375,2103.840087890625,1094.9000244140625,52.209999084472656,64.11799621582031,0.0196390762233376,0.0197420294351848,-0.0653862360955506,-0.1789589721781453,0.0061828698515593,238.034,5.2,0.13,2.2
2015-08-01,7971.2998046875,1972.1800537109373,1131.5999755859375,54.150001525878906,66.14299774169922,-0.0658103482886336,-0.0625808182558655,0.0335189974915883,0.0371576800502799,0.0315824206212367,238.033,5.1,0.14,2.21
2015-09-01,7948.89990234375,1920.030029296875,1115.5,48.369998931884766,65.91999816894531,-0.0028100689840542,-0.0264428312800014,-0.0142276210085644,-0.1067405804454467,-0.0033714766546378,237.498,5.0,0.14,2.06
2015-10-01,8065.7998046875,2079.360107421875,1141.5,49.560001373291016,65.44400024414062,0.0147064252638635,0.0829831178126665,0.0233079336620349,0.0246020770660349,-0.0072208425064691,237.733,5.0,0.12,2.16
2015-11-01,7935.25,2080.409912109375,1065.800048828125,44.61000061035156,66.9000015258789,-0.0161855994258164,0.0005048691103348,-0.06631620777212,-0.0998789472513437,0.0222480483513634,238.017,5.1,0.12,2.21
2015-12-01,7946.35009765625,2043.93994140625,1060.300048828125,37.27999877929688,66.45500183105469,0.0013988340198796,-0.0175301850326925,-0.0051604426234052,-0.1643129731173729,-0.0066517142701719,237.761,5.0,0.24,2.27
2016-01-01,7563.5498046875,1940.239990234375,1116.4000244140625,34.7400016784668,68.09300231933594,-0.0481730968638867,-0.0507353220469523,0.0529095284376728,-0.0681329716738253,0.0246482648882542,237.652,4.8,0.34,1.94
2016-02-01,6987.0498046875,1932.22998046875,1233.9000244140625,35.970001220703125,68.7300033569336,-0.0762208242011859,-0.0041283603090035,0.1052490123884306,0.0354058573059519,0.0093548678410493,237.336,4.9,0.38,1.74
2016-03-01,7738.39990234375,2059.739990234375,1234.199951171875,39.59999847412109,66.36799621582031,0.1075346703772144,0.0659911144400584,0.0002430721710657,0.1009173514102819,-0.0343664633456619,238.08,5.0,0.36,1.78
2016-04-01,7849.7998046875,2065.300048828125,1289.199951171875,48.130001068115234,66.43800354003906,0.0143957282835707,0.0026993982833325,0.0445632816204355,0.215404114208958,0.0010548355865844,238.992,5.1,0.37,1.83
2016-05-01,8160.10009765625,2096.949951171875,1214.800048828125,49.68999862670898,67.13300323486328,0.0395297078510785,0.0153246025252884,-0.0577101343171173,0.0324121654679787,0.0104608756704343,239.557,4.8,0.37,1.84
2016-06-01,8287.75,2098.860107421875,1318.4000244140625,49.68000030517578,67.41600036621094,0.0156431784924322,0.0009109212401243,0.0852815042984866,-0.0002012139627596,0.0042154695561227,240.222,4.9,0.38,1.49
2016-07-01,8638.5,2173.60009765625,1349.0,42.459999084472656,67.00700378417969,0.0423214985973274,0.0356098007533154,0.0232099325085624,-0.1453301363999977,-0.0060667583334748,240.101,4.8,0.39,1.46
2016-08-01,8786.2001953125,2170.949951171875,1306.9000244140625,47.040000915527344,67.12660217285156,0.0170978983981593,-0.0012192428990193,-0.0312082843483598,0.1078662724872634,0.0017848639980544,240.545,4.9,0.4,1.58
2016-09-01,8611.150390625,2168.27001953125,1313.300048828125,49.060001373291016,66.81629943847656,-0.0199232661214446,-0.0012344511393173,0.0048971032936753,0.0429421857663461,-0.0046226492080735,241.176,5.0,0.4,1.6
2016-10-01,8638.0,2126.14990234375,1271.5,48.29999923706055,66.78140258789062,0.0031180049304715,-0.0194256789090344,-0.0318282549866831,-0.0154912783317658,-0.0005222805045955,241.741,4.9,0.4,1.84
2016-11-01,8224.5,2198.81005859375,1170.800048828125,50.470001220703125,68.60800170898438,-0.0478698772864089,0.034174521829295,-0.079197759474538,0.0449275780107578,0.0273519131121837,242.026,4.7,0.41,2.37
2016-12-01,8185.7998046875,2238.830078125,1150.0,56.130001068115234,67.93299865722656,-0.0047054769666848,0.0182007624418658,-0.0177656713022382,0.1121458234696919,-0.0098385470345133,242.637,4.7,0.54,2.45
2017-01-01,8561.2998046875,2278.8701171875,1208.5999755859375,55.70000076293945,67.82099914550781,0.0458721211072099,0.0178843581983825,0.0509565005095109,-0.0076607927488538,-0.0016486761063481,243.618,4.7,0.65,2.45
2017-02-01,8879.599609375,2363.639892578125,1252.5999755859375,55.59000015258789,66.69319915771484,0.0371789111407152,0.0371981600668163,0.0364057594645146,-0.001974876280877,-0.0166290677224218,244.006,4.6,0.66,2.36
2017-03-01,9173.75,2362.719970703125,1247.300048828125,52.83000183105469,64.79000091552734,0.0331265376328948,-0.0003891971352694,-0.0042311407161997,-0.0496491871551958,-0.0285366164200168,243.892,4.4,0.79,2.4
2017-04-01,9304.0498046875,2384.199951171875,1266.0999755859375,51.72999954223633,64.05999755859375,0.014203548678294,0.0090912087488546,0.0150724974118903,-0.0208215455364938,-0.0112672225130134,244.193,4.4,0.9,2.29
2017-05-01,9621.25,2411.800048828125,1272.0,50.310001373291016,64.61859893798828,0.0340927017773153,0.0115762512463286,0.0046599988372419,-0.0274501871546687,0.0087199719120125,244.004,4.4,0.91,2.21
2017-06-01,9520.900390625,2423.409912109375,1240.699951171875,47.91999816894531,64.78510284423828,-0.0104299970767831,0.0048137752078125,-0.0246069566258844,-0.0475055285054022,0.0025767179881102,244.163,4.3,1.04,2.31
2017-07-01,10077.099609375,2470.300048828125,1266.5999755859375,52.650001525878906,64.12349700927734,0.058418762504613,0.0193488260011018,0.020875332822895,0.0987062507861047,-0.0102123143425676,244.243,4.3,1.15,2.3
2017-08-01,9917.900390625,2471.64990234375,1316.199951171875,52.380001068115234,63.976200103759766,-0.0157981189946651,0.0005464330198532,0.0391599372666908,-0.0051282136740482,-0.0022970816063925,245.183,4.4,1.16,2.12
2017-09-01,9788.599609375,2519.360107421875,1281.5,57.540000915527344,65.36000061035156,-0.0130371123077847,0.0193029785621676,-0.0263637383825915,0.0985108770941416,0.02162992650935,246.435,4.3,1.15,2.33
2017-10-01,10335.2998046875,2575.260009765625,1267.0,61.369998931884766,64.84239959716797,0.0558507056299351,0.0221881350661512,-0.0113148653921185,0.0665623558466765,-0.0079192320738995,246.626,4.2,1.15,2.38
2017-11-01,10226.5498046875,2647.580078125,1273.199951171875,63.56999969482422,64.41480255126953,-0.010522191136698,0.0280826278065633,0.0048934105539659,0.0358481473232752,-0.0065944050274955,247.284,4.2,1.16,2.42
2017-12-01,10530.7001953125,2673.610107421875,1306.300048828125,66.5999984741211,64.06199645996094,0.029741251588643,0.0098316305942705,0.0259975643462631,0.0476639734755823,-0.0054770965264977,247.805,4.1,1.3,2.4
2018-01-01,11027.7001953125,2823.81005859375,1339.0,69.05000305175781,63.769901275634766,0.0471953422642521,0.0561787041255281,0.025032496325182,0.0367868563628979,-0.0045595704234527,248.859,4.0,1.41,2.72
2018-02-01,10492.849609375,2713.830078125,1315.5,65.77999877929688,64.91000366210938,-0.0485006462330964,-0.0389473718793677,-0.0175504107542942,-0.047357047471958,0.0178783777874567,249.529,4.1,1.42,2.87
2018-03-01,10113.7001953125,2640.8701171875,1322.800048828125,70.2699966430664,65.02999877929688,-0.0361340749345862,-0.0268844986005566,0.0055492579461231,0.0682577979186993,0.0018486382748048,249.577,4.0,1.51,2.74
2018-04-01,10739.349609375,2648.050048828125,1316.199951171875,75.16999816894531,66.61000061035156,0.0618615741004935,0.0027187749953683,-0.0049894900307094,0.0697310624727687,0.0242965071615179,250.227,4.0,1.69,2.95
2018-05-01,10736.150390625,2705.27001953125,1300.0999755859375,77.58999633789062,67.43000030517578,-0.0002978968807577,0.0216083418545836,-0.0122321654636158,0.0321936707182877,0.0123104591999776,250.792,3.8,1.7,2.83
2018-06-01,10714.2998046875,2718.3701171875,1251.300048828125,79.44000244140625,68.79669952392578,-0.0020352347109985,0.0048424362676078,-0.0375355185556549,0.0238433585620905,0.020268414838567,251.018,4.0,1.82,2.85
2018-07-01,11356.5,2816.2900390625,1223.699951171875,74.25,68.68499755859375,0.0599386060703226,0.0360215561728991,-0.0220571378400393,-0.0653323550088548,-0.001623652967439,251.214,3.8,1.91,2.96
2018-08-01,11680.5,2901.52001953125,1200.300048828125,77.41999816894531,71.40499877929688,0.0285299167877426,0.0302632112767482,-0.019122254864308,0.0426935780329336,0.039601096562357,251.663,3.8,1.91,2.86
2018-09-01,10930.4501953125,2913.97998046875,1191.5,82.72000122070312,72.94999694824219,-0.0642138439867728,0.0042942874264617,-0.0073315408399063,0.0684578038892766,0.0216371149829537,252.182,3.7,1.95,3.05
2018-10-01,10386.599609375,2711.739990234375,1212.300048828125,75.47000122070312,73.6500015258789,-0.0497555522617658,-0.0694033560936963,0.0174570279715695,-0.0876450664048765,0.009595676585612,252.772,3.8,2.19,3.15
2018-11-01,10876.75,2760.169921875,1220.199951171875,58.709999084472656,69.91999816894531,0.0471906503628567,0.0178593566547797,0.0065164579935359,-0.2220750214011235,-0.0506449868249215,252.594,3.8,2.2,3.01
2018-12-01,10862.5498046875,2506.85009765625,1278.300048828125,53.79999923706055,69.92250061035156,-0.0013055549968969,-0.0917768946799725,0.0476152269965679,-0.083631407323777,3.579006681619923e-05,252.767,3.9,2.27,2.69
2019-01-01,10830.9501953125,2704.10009765625,1319.699951171875,61.88999938964844,71.12000274658203,-0.002909041610227,0.0786844016658261,0.0323866860379948,0.1503717521805285,0.0171261343026565,252.561,4.0,2.4,2.63
2019-02-01,10792.5,2784.489990234375,1312.800048828125,66.02999877929688,71.19000244140625,-0.0035500297406169,0.0297288893439271,-0.0052283872084885,0.0668928652524898,0.0009842476394952,253.319,3.8,2.4,2.73
2019-03-01,11570.0,2834.39990234375,1293.0,68.38999938964844,69.5,0.0720407690525828,0.0179242562495884,-0.0150823035433306,0.0357413396029249,-0.0237393227061233,254.277,3.8,2.41,2.41
2019-04-01,11748.150390625,2945.830078125,1282.800048828125,72.80000305175781,69.81179809570312,0.015397613710026,0.0393134983137379,-0.0078885933270494,0.0644831656889424,0.0044863035352966,255.233,3.7,2.42,2.51
2019-05-01,11922.7998046875,2752.06005859375,1305.800048828125,64.48999786376953,69.9800033569336,0.01486612004915,-0.0657777313668354,0.0179295284725091,-0.1141484181268537,0.0024094102403704,255.296,3.6,2.39,2.14
2019-06-01,11788.849609375,2941.760009765625,1409.699951171875,66.55000305175781,69.32499694824219,-0.0112347936312607,0.0689301639982407,0.079568003108128,0.0319430183939515,-0.0093599082205032,255.213,3.6,2.38,2.0
2019-07-01,11118.0,2980.3798828125,1426.0999755859375,65.16999816894531,69.07749938964844,-0.0569054345083435,0.0131281521669579,0.0116336986466014,-0.0207363609245702,-0.0035701055822409,255.802,3.7,2.4,2.02
2019-08-01,11023.25,2926.4599609375,1519.0999755859375,60.43000030517578,71.6801986694336,-0.0085222162259399,-0.0180916272405239,0.0652128192918517,-0.0727328218037026,0.0376779603022976,256.036,3.6,2.13,1.5
2019-09-01,11474.4501953125,2976.739990234375,1465.699951171875,60.77999877929688,70.49870300292969,0.0409316848762841,0.0171811779310206,-0.0351524095005435,0.0057917999727548,-0.0164828737703781,256.43,3.5,2.04,1.68
2019-10-01,11877.4501953125,3037.56005859375,1511.4000244140625,60.22999954223633,70.98999786376953,0.0351215084941178,0.020431770513684,0.0311796921366127,-0.009049016915214,0.0069688496371262,257.155,3.6,1.83,1.69
2019-11-01,12056.0498046875,3140.97998046875,1465.5999755859375,62.43000030517578,71.54740142822266,0.0150368645153726,0.0340470377144999,-0.03030306212009,0.036526660794621,0.0078518605610158,257.879,3.6,1.55,1.78
2019-12-01,12168.4501953125,3230.780029296875,1519.5,66.0,71.31099700927734,0.0093231524791228,0.02858981890573,0.0367767639955873,0.0571840409638479,-0.0033041649902894,258.63,3.6,1.55,1.92
2020-01-01,11962.099609375,3225.52001953125,1582.9000244140625,58.15999984741211,71.63999938964844,-0.0169578362589666,-0.0016280928190489,0.0417242674656548,-0.1187878810998165,0.0046136275493147,259.127,3.6,1.55,1.51
2020-02-01,11201.75,2954.219970703125,1564.0999755859375,50.52000045776367,71.93000030517578,-0.0635632233641571,-0.0841104836384031,-0.0118769654041064,-0.1313617505105339,0.0040480306811567,259.25,3.5,1.58,1.13
2020-03-01,8597.75,2584.590087890625,1583.4000244140625,22.739999771118164,75.4000015258789,-0.2324636775503827,-0.1251192824089282,0.0123393959013999,-0.549881243763457,0.048241362518852,258.076,4.4,0.65,0.7
2020-04-01,9859.900390625,2912.429931640625,1684.199951171875,25.270000457763672,75.25849914550781,0.1468000803262481,0.1268440381652789,0.0636604302157399,0.1112577270057335,-0.0018766893568632,256.032,14.8,0.05,0.64
2020-05-01,9580.2998046875,3044.31005859375,1736.9000244140625,35.33000183105469,75.95999908447266,-0.0283573438737119,0.0452818196655582,0.0312908649626302,0.3981005615771682,0.0093212055373113,255.802,13.2,0.05,0.65
2020-06-01,10302.099609375,3100.2900390625,1793.0,41.150001525878906,75.69999694824219,0.0753420894338123,0.0183883965139242,0.032298908859111,0.1647325047605432,-0.003422882298107,257.042,11.0,0.08,0.66
2020-07-01,11073.4501953125,3271.1201171875,1962.800048828125,43.29999923706055,74.98999786376953,0.0748731438429854,0.0551013214804436,0.0947016446336448,0.0522478160743087,-0.0093791164213401,258.352,10.2,0.09,0.55
2020-08-01,11387.5,3500.31005859375,1967.5999755859373,45.27999877929688,73.12830352783203,0.0283606102116611,0.0700646669017177,0.0024454486643599,0.0457274729127856,-0.0248259019732144,259.316,8.4,0.1,0.72
2020-09-01,11247.5498046875,3363.0,1887.5,40.95000076293945,73.84500122070312,-0.0122898085894621,-0.039227970178423,-0.0407094818966361,-0.0956271672502164,0.0098005513364374,259.997,7.8,0.09,0.69
2020-10-01,11642.400390625,3269.9599609375,1877.4000244140625,37.459999084472656,74.26399993896484,0.0351054756630588,-0.0276657862213797,-0.0053509804428808,-0.0852259246262412,0.0056740295393786,260.319,6.9,0.09,0.88
2020-11-01,12968.9501953125,3621.6298828125,1775.699951171875,47.59000015258789,73.94090270996094,0.1139412629852258,0.107545635443859,-0.0541706998613298,0.2704218183580833,-0.0043506575092837,260.911,6.7,0.09,0.84
2020-12-01,13981.75,3756.070068359375,1893.0999755859373,51.79999923706055,73.13400268554688,0.0780942011060823,0.03712145909357,0.0661147872063545,0.0884639434959893,-0.0109127694529128,262.045,6.7,0.09,0.93
2021-01-01,13634.599609375,3714.239990234375,1847.300048828125,55.880001068115234,72.93879699707031,-0.0248288226169828,-0.0111366607554451,-0.0241930840148243,0.0787645152731129,-0.0026691508916295,262.639,6.4,0.09,1.11
2021-02-01,14529.150390625,3811.14990234375,1728.0999755859375,66.12999725341797,73.1509017944336,0.0656088779192984,0.0260914513774483,-0.0645266443411857,0.1834287041764448,0.0029079832146368,263.573,6.2,0.08,1.44
2021-03-01,14690.7001953125,3972.889892578125,1713.800048828125,63.540000915527344,73.44529724121094,0.0111190124917242,0.0424386325331651,-0.0082749418204024,-0.0391652267573133,0.0040244951129193,264.847,6.1,0.07,1.74
2021-04-01,14631.099609375,4181.169921875,1767.300048828125,67.25,74.10579681396484,-0.0040570282658493,0.0524253213475585,0.0312171773110769,0.0583884014953806,0.0089930818931085,266.625,6.1,0.07,1.65
2021-05-01,15582.7998046875,4204.10986328125,1902.5,69.62999725341797,72.39350128173828,0.0650463889059089,0.0054864886706069,0.0765008473018062,0.0353902937311221,-0.0231060943386804,268.404,5.8,0.06,1.58
2021-06-01,15721.5,4297.5,1770.800048828125,75.12999725341797,74.28759765625,0.0089008520324298,0.0222140095658347,-0.0692246786711563,0.0789889446639324,0.0261639006399254,270.71,5.9,0.08,1.45
2021-07-01,15763.0498046875,4395.259765625,1812.5999755859373,76.33000183105469,74.25199890136719,0.0026428651647425,0.0227480548283887,0.0236051082026311,0.0159723761680574,-0.000479201858802,271.965,5.4,0.1,1.24
2021-08-01,17132.19921875,4522.68017578125,1815.0,72.98999786376953,73.41120147705078,0.086858154419797,0.0289904162554386,0.0013240783660977,-0.043757420243193,-0.0113235661902285,272.752,5.1,0.09,1.3
2021-09-01,17618.150390625,4307.5400390625,1755.300048828125,78.5199966430664,74.3219985961914,0.0283647864276035,-0.047569168801901,-0.0328925350809228,0.0757637887538811,0.0124067867139505,273.942,4.7,0.08,1.52
2021-10-01,17671.650390625,4605.3798828125,1783.0,84.37999725341797,74.79720306396484,0.0030366411237168,0.0691438364006065,0.0157807499580302,0.0746306783097527,0.0063938601860713,276.528,4.5,0.08,1.55
2021-11-01,16983.19921875,4567.0,1773.5999755859375,70.56999969482422,75.05490112304688,-0.0389579443151631,-0.0083337061847461,-0.0052720271531477,-0.1636643518382474,0.0034452900446244,278.824,4.1,0.08,1.43
2021-12-01,17354.05078125,4766.18017578125,1827.5,77.77999877929688,74.43119812011719,0.0218363782773369,0.0436129134620648,0.0303901810757838,0.1021680475506854,-0.0083099570260865,280.806,3.9,0.08,1.52
2022-01-01,17339.849609375,4515.5498046875,1795.0,91.20999908447266,75.03900146484375,-0.000818320290404,-0.0525851650273938,-0.0177838577291381,0.1726665018764506,0.0081659755596799,282.542,4.0,0.08,1.79
2022-02-01,16793.900390625,4373.93994140625,1899.4000244140625,100.98999786376952,75.06800079345703,-0.0314852337851203,-0.0313604919459082,0.0581615734897285,0.1072250726615979,0.0003864567497857,284.525,3.9,0.08,1.83
2022-03-01,17464.75,4530.41015625,1949.199951171875,107.91000366210938,75.82779693603516,0.0399460276511758,0.0357732883715462,0.0262187670410161,0.0685216946699471,0.0101214383565193,287.467,3.7,0.2,2.32
2022-04-01,17102.55078125,4131.93017578125,1909.300048828125,109.33999633789062,76.58899688720703,-0.0207388722283456,-0.087956711804343,-0.0204698867962529,0.0132517155708646,0.0100385344415845,288.582,3.7,0.33,2.89
2022-05-01,16584.55078125,4132.14990234375,1842.699951171875,122.83999633789062,77.5208969116211,-0.0302878796634182,5.317770464463578e-05,-0.034881944143419,0.1234680853498595,0.0121675444553279,291.299,3.6,0.77,2.85
2022-06-01,15780.25,3785.3798828125,1804.0999755859373,114.80999755859376,78.89830017089844,-0.0484969892678261,-0.0839199999338268,-0.0209475099629701,-0.0653695784653811,0.0177681543190564,295.072,3.6,1.21,2.98
2022-07-01,17158.25,4130.2900390625,1762.9000244140625,110.01000213623048,79.57150268554688,0.0873243453050489,0.09111639173021,-0.0228368448142648,-0.0418081658778329,0.0085325350887184,294.94,3.5,1.68,2.67
2022-08-01,17759.30078125,3955.0,1712.800048828125,96.48999786376952,79.68229675292969,0.0350298416942287,-0.0424401282729983,-0.0284190679517344,-0.1228979548215851,0.0013923837510101,295.162,3.6,2.33,3.15
2022-09-01,17094.349609375,3585.6201171875,1662.4000244140625,87.95999908447266,81.48059844970703,-0.0374424184862641,-0.0933956720132743,-0.0294255155168553,-0.0884029326162909,0.0225683968718086,296.421,3.5,2.56,3.83
2022-10-01,18012.19921875,3871.97998046875,1635.9000244140625,94.83000183105467,82.23919677734375,0.0536931577011638,0.0798634138370089,-0.015940808235575,0.0781037155307879,0.0093101712808965,297.979,3.6,3.08,4.1
2022-11-01,18758.349609375,4080.110107421875,1746.0,85.43000030517578,81.63089752197266,0.041424724519385,0.0537528933524931,0.0673023864189821,-0.0991247637285251,-0.0073967071567833,298.708,3.6,3.78,3.68
2022-12-01,18105.30078125,3839.5,1819.699951171875,85.91000366210938,82.83509826660156,-0.0348137678273476,-0.0589714740747304,0.0422107395027921,0.0056186744143615,0.014751776363904,298.808,3.5,4.1,3.88
2023-01-01,17662.150390625,4076.60009765625,1929.5,84.48999786376953,81.57990264892578,-0.0244762788522093,0.0617528578346791,0.0603396448724498,-0.0165289924084375,-0.0151529441497851,300.456,3.5,4.33,3.52
2023-02-01,17303.94921875,3970.14990234375,1828.9000244140625,83.88999938964844,82.6520004272461,-0.020280722559419,-0.0261124939318185,-0.0521378468960547,-0.0071014142418197,0.0131416898465057,301.476,3.6,4.57,3.92
2023-03-01,17359.75,4109.31005859375,1969.0,79.7699966430664,82.10050201416016,0.0032247425454494,0.0350516125771089,0.0766034084508378,-0.0491119653898867,-0.0066725355736718,301.643,3.5,4.65,3.48
2023-04-01,18065.0,4169.47998046875,1990.0999755859373,79.54000091552734,81.76509857177734,0.0406255850458676,0.014642341662481,0.0107160871436959,-0.0028832360187777,-0.0040852788247868,302.858,3.4,4.83,3.44
2023-05-01,18534.400390625,4179.830078125,1963.9000244140625,72.66000366210938,82.68389892578125,0.025983968481871,0.0024823473681929,-0.013165143205512,-0.0864973242925233,0.0112370726636785,303.316,3.6,5.06,3.64
2023-06-01,19189.05078125,4450.3798828125,1921.0999755859373,74.9000015258789,82.07540130615234,0.0353208292055746,0.0647274649042346,-0.0217933949264522,0.0308284854235101,-0.0073593242158924,304.099,3.6,5.08,3.81
2023-07-01,19753.80078125,4588.9599609375,1970.5,85.55999755859375,82.25279998779297,0.0294308460818619,0.0311389323550108,0.0257144474737684,0.1423230415960896,0.0021614110783194,304.615,3.5,5.12,3.97
2023-08-01,19253.80078125,4507.66015625,1938.199951171875,86.86000061035156,82.70040130615234,-0.0253115846179127,-0.017716390070854,-0.0163918035159224,0.0151940519968754,0.0054417760662957,306.138,3.7,5.33,4.09
2023-09-01,19638.30078125,4288.0498046875,1848.0999755859373,95.30999755859376,83.19300079345703,0.0199700830172939,-0.0487193674656248,-0.0464864192837592,0.0972829482945589,0.0059564340622859,307.374,3.7,5.33,4.59
2023-10-01,19079.599609375,4193.7998046875,1985.199951171875,87.41000366210938,83.29650115966797,-0.0284495679182401,-0.0219796887379829,0.074184285156148,-0.0828873580825316,0.0012440994461528,307.653,3.9,5.33,4.88
2023-11-01,20133.150390625,4567.7998046875,2038.0999755859373,82.83000183105469,83.3302993774414,0.0552187049424415,0.0891792687819701,0.0266472021535337,-0.0523967696965105,0.0004057579526497,308.087,3.7,5.33,4.37
2023-12-01,21731.400390625,4769.830078125,2062.39990234375,77.04000091552734,82.302001953125,0.0793839994730394,0.0442292311563601,0.0119228335454086,-0.0699022188522583,-0.0123400183606537,308.735,3.8,5.33,3.88
2024-01-01,21725.69921875,4845.64990234375,2048.39990234375,81.70999908447266,83.10970306396484,-0.0002623471921975,0.0158957075989916,-0.0067882082345378,0.0606178363635516,0.0098138695496114,309.794,3.7,5.33,3.99
2024-02-01,21982.80078125,5096.27001953125,2045.699951171875,83.62000274658203,82.91190338134766,0.0118339833351881,0.0517206406237231,-0.0013180781588525,0.0233753969344043,-0.0023799830263495,311.022,3.9,5.33,4.25
2024-03-01,22326.900390625,5254.35009765625,2217.39990234375,87.4800033569336,83.39299774169922,0.0156531286799677,0.0310187799153429,0.0839321284988627,0.0461612112361398,0.0058024763722863,312.107,3.9,5.33,4.2
2024-04-01,22604.849609375,5035.68994140625,2291.39990234375,87.86000061035156,83.45110321044922,0.0124490732653024,-0.0416150717378986,0.0333724196171305,0.0043438184594886,0.0006967667588826,313.016,3.9,5.33,4.69
2024-05-01,22530.69921875,5277.509765625,2322.89990234375,81.62000274658203,83.3208999633789,-0.0032802868369559,0.0480211901511991,0.0137470547885509,-0.071022055775337,-0.0015602339820716,313.14,3.9,5.33,4.51
2024-06-01,24010.599609375,5460.47998046875,2327.699951171875,86.41000366210938,83.45089721679688,0.06568373117304,0.0346698012830832,0.0020664036462707,0.05868660566454,0.0015601998235148,313.131,4.1,5.33,4.36
2024-07-01,24951.150390625,5522.2998046875,2426.5,80.72000122070312,83.73899841308594,0.0391723154170111,0.0113213168878687,0.0424453541696319,-0.0658488855486683,0.0034523439039919,313.566,4.2,5.33,4.09
2024-08-01,25235.900390625,5648.39990234375,2493.800048828125,78.80000305175781,83.89510345458984,0.0114122994548175,0.0228347069366303,0.0277354415116937,-0.0237859036163253,0.0018641856776675,314.131,4.2,5.33,3.91
2024-09-01,25810.849609375,5762.47998046875,2636.10009765625,71.7699966430664,83.71640014648438,0.0227829881181331,0.0201968840906012,0.0570615310136808,-0.0892132758430722,-0.0021300803115666,314.851,4.1,5.13,3.81
2024-10-01,24205.349609375,5705.4501953125,2738.300048828125,73.16000366210938,84.08910369873047,-0.0622025242988069,-0.0098967433031517,0.0387693742216923,0.0193675224196523,0.0044519777677247,315.564,4.1,4.83,4.28
2024-11-01,24131.099609375,6032.3798828125,2657.0,72.94000244140625,84.47160339355469,-0.0030675037212122,0.0573012954820988,-0.0296899709229885,-0.0030071242439954,0.0045487426788923,316.449,4.2,4.64,4.18
2024-12-01,23644.80078125,5881.6298828125,2629.199951171875,74.63999938964844,85.7865982055664,-0.0201523691832125,-0.0249901370484836,-0.0104629464915788,0.0233067849100747,0.0155673002427234,317.603,4.1,4.48,4.58
2025-01-01,23508.400390625,6040.52978515625,2812.5,76.76000213623047,86.64700317382812,-0.0057687265748994,0.0270163042404441,0.0697170440560921,0.0284030381017934,0.0100295965367454,319.086,4.0,4.33,4.58
2025-02-01,22124.69921875,5954.5,2836.800048828125,73.18000030517578,87.3270034790039,-0.0588598606831118,-0.0142420926998251,0.0086400173611111,-0.0466388969700788,0.0078479379582416,319.775,4.2,4.33,4.24
2025-03-01,23519.349609375,5611.85009765625,3122.800048828125,74.73999786376953,85.53880310058594,0.0630359028539053,-0.0575446976813753,0.1008178211637249,0.0213172663581338,-0.0204770610140986,319.615,4.2,4.33,4.23
2025-04-01,24334.19921875,5569.06005859375,3305.0,63.119998931884766,85.1707992553711,0.0346459244370513,-0.0076249433462898,0.0583450583844611,-0.1554722941398102,-0.0043021860474491,320.321,4.2,4.33,4.17
2025-05-01,24750.69921875,5911.68994140625,3288.89990234375,63.900001525878906,85.36129760742188,0.0171158293008089,0.0615238261407828,-0.0048714365071861,0.0123574557540133,0.0022366627261487,320.58,4.3,4.33,4.41
2025-06-01,25517.05078125,6204.9501953125,3294.39990234375,67.61000061035156,85.4552993774414,0.0309628247560556,0.0496068394677158,0.0016722916973181,0.0580594522047099,0.0011012223648689,321.5,4.1,4.33,4.24
2025-07-01,24768.349609375,6339.39013671875,3293.199951171875,72.52999877929688,87.714599609375,-0.0293412110315329,0.0216665625306407,-0.000364239681716,0.0727702725119046,0.0264383864826762,322.132,4.3,4.33,4.37
2025-08-01,24426.849609375,6460.259765625,3473.699951171875,68.12000274658203,87.5916976928711,-0.0137877575771435,0.0190664442950361,0.0548099121451066,-0.0608023729068867,-0.0014011569003475,323.364,4.3,4.33,4.23
2025-09-01,24611.099609375,6688.4599609375,3840.800048828125,67.0199966430664,88.70449829101562,0.0075429293153417,0.0353236872187014,0.1056798522659985,-0.0161480631116213,0.0127044072378459,324.368,4.4,4.22,4.16
2025-10-01,25722.099609375,6840.2001953125,3982.199951171875,65.06999969482422,88.6344985961914,0.0451422332863498,0.0226868719049238,0.0368152209295282,-0.0290957482231376,-0.0007891335408332,,,4.09,4.11
2025-11-01,26202.94921875,6849.08984375,4218.2998046875,63.20000076293945,89.36479949951172,0.0186940264083164,0.0012996181666717,0.0592887992593504,-0.0287382655702318,0.0082394656131297,325.031,4.5,3.88,4.02
2025-12-01,25938.849609375,6896.240234375,4370.10009765625,61.91999816894531,89.9000015258789,-0.0100790032133489,0.0068841834025621,0.0359861318534222,-0.0202532053566799,0.00598895794949,326.03,4.4,3.72,4.18
